{"cameraMode":{"drawMode":0,"name":"Shaded","section":"Shading Mode"},"sceneLighting":false,"audioPlay":false,"sceneViewState":{"showFog":true,"showMaterialUpdate":false,"showSkybox":false,"showFlares":true,"showImageEffects":true,"showParticleSystems":true},"in2DMode":false,"pivot":{"x":10.888456344604493,"y":-6.646002292633057,"z":-0.7830737829208374},"rotation":{"x":0.1635703146457672,"y":0.6777190566062927,"z":-0.1585448533296585,"w":0.6991743445396423},"size":20.42273712158203,"orthographic":false}